,title,price,original_price,item_url,shipping,timestamp,discount_percentage
0,Microsoft Xbox Series S,299.0,299.0,https://www.ebay.com/itm/266190900217?_trkparms=5373%3A5000014449%7C5374%3ATech%7C5079%3A5000014449,Shipping info unavailable,2025-03-19 12:58:37,0.0
1,Apple iPhone 15 Pro 256gb ( Unlocked) US E-Sim Version. Excellent,674.99,674.99,https://www.ebay.com/itm/166613095133?_trkparms=5373%3A5000014449%7C5374%3ATech%7C5079%3A5000014449,Shipping info unavailable,2025-03-19 12:58:37,0.0
2,"Seagate EXOS X16 ST14000NM005G 14TB 256MB 7200rpm 3.5"" SATA 6Gb/s Enterprise HDD",147.99,147.99,https://www.ebay.com/itm/176825170520?_trkparms=5373%3A5000014449%7C5374%3ATech%7C5079%3A5000014449,Shipping info unavailable,2025-03-19 12:58:37,0.0
3,"HP Laptop AMD Ryzen 5 7530U 16GB 1 TB SSD 17.3"" Touchscreen W11H 17-cp3055cl",399.99,599.99,https://www.ebay.com/itm/305956067711?_trkparms=5373%3A5000014449%7C5374%3ATech%7C5079%3A5000014449,Shipping info unavailable,2025-03-19 12:58:37,33.33
4,Nintendo Switch OLED 64GB NEON Red Blue Joy Con Newest Version +FAST FREE SHIP!‚≠ê,269.99,359.99,https://www.ebay.com/itm/195122716310?_trkparms=5373%3A5000014449%7C5374%3ATech%7C5079%3A5000014449,Shipping info unavailable,2025-03-19 12:58:38,25.0
5,Apple iPhone 14 Pro 128GB Unlocked - Excellent,446.95,446.95,https://www.ebay.com/itm/405469724990?_trkparms=5373%3A5000014449%7C5374%3ATech%7C5079%3A5000014468,Shipping info unavailable,2025-03-19 12:58:38,0.0
6,Apple iPhone 13 128GB Unlocked - Excellent,291.95,291.95,https://www.ebay.com/itm/404240045218?_trkparms=5373%3A5000014449%7C5374%3ATech%7C5079%3A5000014468,Shipping info unavailable,2025-03-19 12:58:38,0.0
7,Apple iPhone 13 128GB Unlocked - Excellent,301.99,301.99,https://www.ebay.com/itm/256350256024?_trkparms=5373%3A5000014449%7C5374%3ATech%7C5079%3A5000014468,Shipping info unavailable,2025-03-19 12:58:38,0.0
8,Apple iPhone 13 Pro 256GB Unlocked - Excellent,402.95,402.95,https://www.ebay.com/itm/386146593917?_trkparms=5373%3A5000014449%7C5374%3ATech%7C5079%3A5000014468,Shipping info unavailable,2025-03-19 12:58:38,0.0
9,Apple iPhone 15 Pro 512GB ( Unlocked) US E-Sim Version. Excellent,709.99,709.99,https://www.ebay.com/itm/156119977855?_trkparms=5373%3A5000014449%7C5374%3ATech%7C5079%3A5000014468,Shipping info unavailable,2025-03-19 12:58:38,0.0
10,"Lenovo LOQ 15.6"" FHD 144Hz Gaming Laptop i5-12450HX 12GB RAM 512GB SSD RTX 3050",599.99,880.99,https://www.ebay.com/itm/126480962681?_trkparms=5373%3A5000014449%7C5374%3ATech%7C5079%3A5000014452,Shipping info unavailable,2025-03-19 12:58:38,31.9
11,"Lenovo LOQ-E 15.6"" FHD 144Hz Gaming Laptop i5-12450HX 8GB RAM 512GB SSD RTX 2050",499.99,699.99,https://www.ebay.com/itm/126754097392?_trkparms=5373%3A5000014449%7C5374%3ATech%7C5079%3A5000014452,Shipping info unavailable,2025-03-19 12:58:38,28.57
12,MacBook Air 15-inch 2024 M3 / 16GB RAM / 512GB SSD / 10-Core GPU / Midnight,1.0,1.0,https://www.ebay.com/itm/256520205430?_trkparms=5373%3A5000014449%7C5374%3ATech%7C5079%3A5000014452,Shipping info unavailable,2025-03-19 12:58:38,0.0
13,"Microsoft R1V-00009-SG 13.5"" 8GB 512GB Surface Laptop-5 - Certified Refurbished",459.99,1.0,https://www.ebay.com/itm/135463162076?_trkparms=5373%3A5000014449%7C5374%3ATech%7C5079%3A5000014452,Shipping info unavailable,2025-03-19 12:58:38,-45899.0
14,"ASUS Vivobook X17 Laptop Intel Core i9-13900H 16GB RAM 1 TB NVMe SSD 17.3"" W11H",609.99,849.99,https://www.ebay.com/itm/387875784124?_trkparms=5373%3A5000014449%7C5374%3ATech%7C5079%3A5000014452,Shipping info unavailable,2025-03-19 12:58:38,28.24
15,Celestron 93973 SkyQ Link 2 Wi-Fi Module (Black),109.99,169.95,https://www.ebay.com/itm/374232972694?_trkparms=5373%3A5000014449%7C5374%3ATech%7C5079%3A5000014464,Shipping info unavailable,2025-03-19 12:58:38,35.28
16,50-in-1 + Waterproof Case for Gopro Hero  12 11 10 Action Camera Accessory Kit,39.99,39.99,https://www.ebay.com/itm/116174595662?_trkparms=5373%3A5000014449%7C5374%3ATech%7C5079%3A5000014464,Shipping info unavailable,2025-03-19 12:58:38,0.0
17,"DJI Osmo Mobile SE Gimbal, 3-Axis, Portable , Foldable, Android , iPhone Gimbal",69.0,69.0,https://www.ebay.com/itm/305001613153?_trkparms=5373%3A5000014449%7C5374%3ATech%7C5079%3A5000014464,Shipping info unavailable,2025-03-19 12:58:38,0.0
18,AOCHUAN Smart XE 3-Axis Smartphone Gimbal Stabilizer for iPhone Android Phones,49.0,49.0,https://www.ebay.com/itm/405047322473?_trkparms=5373%3A5000014449%7C5374%3ATech%7C5079%3A5000014464,Shipping info unavailable,2025-03-19 12:58:38,0.0
19,DJI Ronin-SC Gimbal Stabilizer Pro Combo Kit,218.0,539.0,https://www.ebay.com/itm/315184070090?_trkparms=5373%3A5000014449%7C5374%3ATech%7C5079%3A5000014464,Shipping info unavailable,2025-03-19 12:58:38,59.55
20,"Bose Solo Soundbar 2 Home Theater, Certified Refurbished",149.0,199.0,https://www.ebay.com/itm/167031735841?_trkparms=5373%3A5000014449%7C5374%3ATech%7C5079%3A5000014481,Shipping info unavailable,2025-03-19 12:58:38,25.13
21,Onn. Google TV 4K Streaming 4K UHD Resolution 2023 Brand New,26.0,26.0,https://www.ebay.com/itm/225931956556?_trkparms=5373%3A5000014449%7C5374%3ATech%7C5079%3A5000014481,Shipping info unavailable,2025-03-19 12:58:39,0.0
22,Dreamlink Dlite W - ACCESSORY OF YOUR CHOICE,69.86,69.86,https://www.ebay.com/itm/254839883292?_trkparms=5373%3A5000014449%7C5374%3ATech%7C5079%3A5000014481,Shipping info unavailable,2025-03-19 12:58:39,0.0
23,BenQ GP500  4K HDR LED Smart Home Theater Projector 1500 Lm Auto Focus 1.3x zoom,734.0,1.0,https://www.ebay.com/itm/166398780476?_trkparms=5373%3A5000014449%7C5374%3ATech%7C5079%3A5000014481,Shipping info unavailable,2025-03-19 12:58:39,-73300.0
24,"Buzz TV X5 Android 11 Box, 4K Ultra High Definition - ACCESSORY OF YOUR CHOICE",157.2,157.2,https://www.ebay.com/itm/255942642327?_trkparms=5373%3A5000014449%7C5374%3ATech%7C5079%3A5000014481,Shipping info unavailable,2025-03-19 12:58:39,0.0
25,"Apple iPad 9 (2021) 10.2"" 64GB 256GB Space Gray Silver WiFi or Cellular - Good",189.99,189.99,https://www.ebay.com/itm/165337813141?_trkparms=5373%3A5000014449%7C5374%3ATech%7C5079%3A5000014454,Shipping info unavailable,2025-03-19 12:58:39,0.0
26,"Samsung Galaxy Tab S8 Ultra 14.6"" 128GB X900 Wifi Only No S-Pen - Excellent",390.0,899.99,https://www.ebay.com/itm/256402595266?_trkparms=5373%3A5000014449%7C5374%3ATech%7C5079%3A5000014454,Shipping info unavailable,2025-03-19 12:58:39,56.67
27,"Samsung Galaxy Tab S8 Ultra 14.6"" 128GB X900 Wifi Only - Excellent",437.0,899.99,https://www.ebay.com/itm/256728624782?_trkparms=5373%3A5000014449%7C5374%3ATech%7C5079%3A5000014454,Shipping info unavailable,2025-03-19 12:58:39,51.44
28,"Samsung Galaxy Tab S9 FE 5G SM-X518U AT&T Unlocked (Any Carrier) 10.9"" 128GB",274.99,500.0,https://www.ebay.com/itm/204770375443?_trkparms=5373%3A5000014449%7C5374%3ATech%7C5079%3A5000014454,Shipping info unavailable,2025-03-19 12:58:39,45.0
29,"NEW Apple iPad 10.9"" - 10th Gen 64GB Wi-Fi - Pink",319.99,349.99,https://www.ebay.com/itm/286305114050?_trkparms=5373%3A5000014449%7C5374%3ATech%7C5079%3A5000014454,Shipping info unavailable,2025-03-19 12:58:39,8.57
30,Nintendo new 3DS LL XL Console only Various colors Used RANK A/B Region free,234.99,234.99,https://www.ebay.com/itm/392605432382?_trkparms=5373%3A5000014449%7C5374%3ATech%7C5079%3A5000014470,Shipping info unavailable,2025-03-19 12:58:39,0.0
31,PS Vita PCH-2000 Sony Playstation Accessory complete Console Used (Excellent),174.99,174.99,https://www.ebay.com/itm/394111931672?_trkparms=5373%3A5000014449%7C5374%3ATech%7C5079%3A5000014470,Shipping info unavailable,2025-03-19 12:58:39,0.0
32,RULE OF ROSE ENG PS2 PAL UK BRAND NEW SEALED 505 GAMES QUALITY CECK CONTROL,262.14,262.14,https://www.ebay.com/itm/256673834870?_trkparms=5373%3A5000014449%7C5374%3ATech%7C5079%3A5000014470,Shipping info unavailable,2025-03-19 12:58:39,0.0
33,Sony PS5 Genuine Stick Module CFI-ZSM1G for DualSense Edge NEW FAST SHIPPING,37.5,37.5,https://www.ebay.com/itm/126828529391?_trkparms=5373%3A5000014449%7C5374%3ATech%7C5079%3A5000014470,Shipping info unavailable,2025-03-19 12:58:39,0.0
34,"$20 Xbox Live Store USD Card - US Store -  Xbox 360, Xbox One and Xbox Series X",22.99,22.99,https://www.ebay.com/itm/335775804002?_trkparms=5373%3A5000014449%7C5374%3ATech%7C5079%3A5000014470,Shipping info unavailable,2025-03-19 12:58:39,0.0
35,Pivo Pod Silver with Remote and Travel Case - Fast Auto Tracking Phone Silver,49.99,49.99,https://www.ebay.com/itm/334638953359?_trkparms=5373%3A5000014449%7C5374%3ATech%7C5079%3A5000014474,Shipping info unavailable,2025-03-19 12:58:39,0.0
36,ORIGINAL BATTERY SAMSUNG EB-BN980ABY GALAXY NOTE 20 5G  SM-N980F/DS SM-N981U OEM,28.3,28.3,https://www.ebay.com/itm/135102614669?_trkparms=5373%3A5000014449%7C5374%3ATech%7C5079%3A5000014474,Shipping info unavailable,2025-03-19 12:58:39,0.0
37,Genuine / Official Apple iPhone 13 Silicone MagSafe Case / Cover - Blue Jay,44.13,63.62,https://www.ebay.com/itm/374184094391?_trkparms=5373%3A5000014449%7C5374%3ATech%7C5079%3A5000014474,Shipping info unavailable,2025-03-19 12:58:39,30.64
38,Apple AirTag Bluetooth GPS Tracker Silver MX532AM/A A2187 For iPhone & iPad,22.95,22.95,https://www.ebay.com/itm/296373153889?_trkparms=5373%3A5000014449%7C5374%3ATech%7C5079%3A5000014474,Shipping info unavailable,2025-03-19 12:58:39,0.0
39,Samsung Galaxy Buds Pro R190 - Good,32.79,32.79,https://www.ebay.com/itm/255868807492?_trkparms=5373%3A5000014449%7C5374%3ATech%7C5079%3A5000014474,Shipping info unavailable,2025-03-19 12:58:39,0.0
40,Taramps DS 2000x4 2 Ohms 2000 Watts RMS 4-Channel 500x4 Watts RMS Class D,217.99,217.99,https://www.ebay.com/itm/354493911383?_trkparms=5373%3A5000014449%7C5374%3ATech%7C5079%3A5000014450,Shipping info unavailable,2025-03-19 12:58:40,0.0
41,WOLFBOX G840S 12‚ÄùMirror Dash Cam 4K Rear View Mirror Dash Camera Front and Rear,64.99,104.99,https://www.ebay.com/itm/225914453447?_trkparms=5373%3A5000014449%7C5374%3ATech%7C5079%3A5000014450,Shipping info unavailable,2025-03-19 12:58:40,38.1
42,"REDTIGER Dash Camera 4K Front and Rear Dash Cam Built-In WiFi & GPS, App control",69.99,129.99,https://www.ebay.com/itm/285933024479?_trkparms=5373%3A5000014449%7C5374%3ATech%7C5079%3A5000014450,Shipping info unavailable,2025-03-19 12:58:40,46.16
43,REDTIGER F9 4K Dash Cam Front and Rear Dash Camera WiFi GPS with Free 32GB Card,59.99,119.99,https://www.ebay.com/itm/285572040505?_trkparms=5373%3A5000014449%7C5374%3ATech%7C5079%3A5000014450,Shipping info unavailable,2025-03-19 12:58:40,50.0
44,"10"" Android 13 Double 2Din Car Stereo CarPlay GPS Navi WiFi BT RDS 2+32GB Radio",54.99,54.99,https://www.ebay.com/itm/156119116841?_trkparms=5373%3A5000014449%7C5374%3ATech%7C5079%3A5000014450,Shipping info unavailable,2025-03-19 12:58:40,0.0
45,"Seagate IronWolf 12TB 7200RPM SATA 6Gb/s 256MB 3.5"" NAS Hard Drive ST12000VN0007",133.99,133.99,https://www.ebay.com/itm/166672350380?_trkparms=5373%3A5000014449%7C5374%3ATech%7C5079%3A5000014456,Shipping info unavailable,2025-03-19 12:58:40,0.0
46,"Seagate IronWolf Pro 10TB 7200RPM SATA 6Gb/s 256MB 3.5"" NAS HDD - ST10000NE0004",128.99,128.99,https://www.ebay.com/itm/167272951826?_trkparms=5373%3A5000014449%7C5374%3ATech%7C5079%3A5000014456,Shipping info unavailable,2025-03-19 12:58:40,0.0
47,"Seagate Exos 28TB 7.2K RPM SATA 6Gb/s 3.5"" Enterprise HDD - ST28000NM000C",334.99,334.99,https://www.ebay.com/itm/296879436001?_trkparms=5373%3A5000014449%7C5374%3ATech%7C5079%3A5000014456,Shipping info unavailable,2025-03-19 12:58:40,0.0
48,MSI SPATIUM Series M482 M.2 2280 2TB PCI-Express 4.0 x4 Internal Solid State Dri,152.99,152.99,https://www.ebay.com/itm/386842541654?_trkparms=5373%3A5000014449%7C5374%3ATech%7C5079%3A5000014456,Shipping info unavailable,2025-03-19 12:58:40,0.0
49,Team Group 1TB MP33 M.2 2280 PCIe 3.0 NVMe 3D NAND Internal Solid State Drive...,50.99,70.99,https://www.ebay.com/itm/303313868150?_trkparms=5373%3A5000014449%7C5374%3ATech%7C5079%3A5000014456,Shipping info unavailable,2025-03-19 12:58:40,28.17
50,"HP OfficeJet 250 Mobile All-in-One Printer | Mobile Print, Scan, Copy | CZ992A",389.99,489.99,https://www.ebay.com/itm/155769674699?_trkparms=5373%3A5000014449%7C5374%3ATech%7C5079%3A5000014472,Shipping info unavailable,2025-03-19 12:58:40,20.41
51,New Zebra ZD421 Direct Thermal Desktop Label Printer 203 dpi No Ribbon Required,299.0,499.0,https://www.ebay.com/itm/116462122244?_trkparms=5373%3A5000014449%7C5374%3ATech%7C5079%3A5000014472,Shipping info unavailable,2025-03-19 12:58:40,40.08
52,New Zebra ZD421 ZD4AH42-D01E00EZ Direct Thermal Label Healthcare Printer 203 dpi,399.0,669.0,https://www.ebay.com/itm/116415636410?_trkparms=5373%3A5000014449%7C5374%3ATech%7C5079%3A5000014472,Shipping info unavailable,2025-03-19 12:58:40,40.36
53,50Y0096 POS Thermal Printer Print Head for IBM SureMark 4610-1NR 4610-1ND 203dpi,25.31,25.31,https://www.ebay.com/itm/133777216696?_trkparms=5373%3A5000014449%7C5374%3ATech%7C5079%3A5000014472,Shipping info unavailable,2025-03-19 12:58:40,0.0
54,Sony MDR-7506 Professional Studio Wired Headphone Headset,59.79,59.79,https://www.ebay.com/itm/356129102114?_trkparms=5373%3A5000014449%7C5374%3ATech%7C5079%3A5000014460,Shipping info unavailable,2025-03-19 12:58:40,0.0
55,"NEW, Apple iPod Classic 7th Generation 160GB Black( Retail box)-5 years Warranty",179.09,179.09,https://www.ebay.com/itm/145942297127?_trkparms=5373%3A5000014449%7C5374%3ATech%7C5079%3A5000014460,Shipping info unavailable,2025-03-19 12:58:40,0.0
56,Sony WF-1000XM5 Truly Wireless Bluetooth Noise Canceling Headphones - Black,112.99,299.99,https://www.ebay.com/itm/276015021037?_trkparms=5373%3A5000014449%7C5374%3ATech%7C5079%3A5000014460,Shipping info unavailable,2025-03-19 12:58:40,62.34
57,Bose SoundSport Wired 3.5mm Jack Earphones Headphones Earbuds Charcoal-Black,29.8,29.8,https://www.ebay.com/itm/356129102581?_trkparms=5373%3A5000014449%7C5374%3ATech%7C5079%3A5000014460,Shipping info unavailable,2025-03-19 12:58:40,0.0
58,"JLab Go POP+ True Wireless Bluetooth Earbuds, iOS, Android, Headphones",20.0,25.0,https://www.ebay.com/itm/334666199288?_trkparms=5373%3A5000014449%7C5374%3ATech%7C5079%3A5000014460,Shipping info unavailable,2025-03-19 12:58:40,20.0
59,Canon RF 28-70mm f/2.8 IS STM Lens Canon RF,999.0,1.0,https://www.ebay.com/itm/286086611827?_trkparms=5373%3A5000014449%7C5374%3ATech%7C5079%3A5000014476,Shipping info unavailable,2025-03-19 12:58:40,-99800.0
60,32mm to 37mm Step Upping Cover Adapter Cover Lens Adapter Filter Camera,3.49,3.49,https://www.ebay.com/itm/394158348565?_trkparms=5373%3A5000014449%7C5374%3ATech%7C5079%3A5000014476,Shipping info unavailable,2025-03-19 12:58:41,0.0
61,Mamiya / Phaseone 645 Zoom-AF 55-110 4.5 - Top Zustand! RAR,545.26,545.26,https://www.ebay.com/itm/186758103412?_trkparms=5373%3A5000014449%7C5374%3ATech%7C5079%3A5000014476,Shipping info unavailable,2025-03-19 12:58:41,0.0
62,"Lomo Smena T-43, 4/40mm, f√ºr M39 | Vintage lens",75.4,75.4,https://www.ebay.com/itm/305881462174?_trkparms=5373%3A5000014449%7C5374%3ATech%7C5079%3A5000014476,Shipping info unavailable,2025-03-19 12:58:41,0.0
63,"Schneider-Kreuznach Radionar 1:4,5/105mm, f√ºr M42 | Vintage lens",75.4,75.4,https://www.ebay.com/itm/305874397733?_trkparms=5373%3A5000014449%7C5374%3ATech%7C5079%3A5000014476,Shipping info unavailable,2025-03-19 12:58:41,0.0
64,Sony MDR-7506 Professional Studio Wired Headphone Headset,59.79,59.79,https://www.ebay.com/itm/356129102114?_trkparms=5373%3A5000014449%7C5374%3ATech%7C5079%3A5000014488,Shipping info unavailable,2025-03-19 12:58:41,0.0
65,Taramps DS 2000x4 2 Ohms 2000 Watts RMS 4-Channel 500x4 Watts RMS Class D,217.99,217.99,https://www.ebay.com/itm/354493911383?_trkparms=5373%3A5000014449%7C5374%3ATech%7C5079%3A5000014488,Shipping info unavailable,2025-03-19 12:58:41,0.0
66,"NEW, Apple iPod Classic 7th Generation 160GB Black( Retail box)-5 years Warranty",179.09,179.09,https://www.ebay.com/itm/145942297127?_trkparms=5373%3A5000014449%7C5374%3ATech%7C5079%3A5000014488,Shipping info unavailable,2025-03-19 12:58:41,0.0
67,"Bose Solo Soundbar 2 Home Theater, Certified Refurbished",149.0,199.0,https://www.ebay.com/itm/167031735841?_trkparms=5373%3A5000014449%7C5374%3ATech%7C5079%3A5000014488,Shipping info unavailable,2025-03-19 12:58:41,25.13
68,WOLFBOX G840S 12‚ÄùMirror Dash Cam 4K Rear View Mirror Dash Camera Front and Rear,64.99,104.99,https://www.ebay.com/itm/225914453447?_trkparms=5373%3A5000014449%7C5374%3ATech%7C5079%3A5000014488,Shipping info unavailable,2025-03-19 12:58:41,38.1
69,Otto the Rhino DVD 2012 Animated English Version BRAND-NEW Sealed 9z,8.88,24.95,https://www.ebay.com/itm/176906606227?_trkparms=5373%3A5000014449%7C5374%3ATech%7C5079%3A5000014458,Shipping info unavailable,2025-03-19 12:58:41,64.41
70,4 Movie Collection Comedy Life / Roscoe Jenkins / Bulletproof / Major Payne 9z,11.57,28.95,https://www.ebay.com/itm/176908198807?_trkparms=5373%3A5000014449%7C5374%3ATech%7C5079%3A5000014458,Shipping info unavailable,2025-03-19 12:58:41,60.03
71,"Out Of Liberty DVD With Brandon Ray Olive , 2019, Brand New Sealed FREE SHIP 9z",8.88,19.95,https://www.ebay.com/itm/405628490138?_trkparms=5373%3A5000014449%7C5374%3ATech%7C5079%3A5000014458,Shipping info unavailable,2025-03-19 12:58:41,55.49
72,Postman Pat-The Movie (DVD 2014) Jim Broadbent- Rupert Grint- David Tennant  9z,8.88,19.95,https://www.ebay.com/itm/405628830079?_trkparms=5373%3A5000014449%7C5374%3ATech%7C5079%3A5000014458,Shipping info unavailable,2025-03-19 12:58:41,55.49
73,"Police Academy/Police Academy 2 (DVD, 2012, Widescreen) / 2 FILM COLLECTION 9z",8.88,19.95,https://www.ebay.com/itm/405628887425?_trkparms=5373%3A5000014449%7C5374%3ATech%7C5079%3A5000014458,Shipping info unavailable,2025-03-19 12:58:41,55.49
74,Lenovo DK1633 40A9 ThinkPad USB-C Dock Station 40A90090US + 90W Power Supply,55.0,55.0,https://www.ebay.com/itm/145072664056?_trkparms=5373%3A5000014449%7C5374%3ATech%7C5079%3A5000014478,Shipping info unavailable,2025-03-19 12:58:42,0.0
75,"Xiaomi Mi Computer Monitor Light Bar - , Extra Computer Lighting",29.99,29.99,https://www.ebay.com/itm/126003498904?_trkparms=5373%3A5000014449%7C5374%3ATech%7C5079%3A5000014478,Shipping info unavailable,2025-03-19 12:58:42,0.0
76,For iPad Pro 11'' (M4 2024) Case | Ringke [Fusion Sketch Stand] for Drawing,35.99,40.99,https://www.ebay.com/itm/256583927129?_trkparms=5373%3A5000014449%7C5374%3ATech%7C5079%3A5000014478,Shipping info unavailable,2025-03-19 12:58:42,12.2
77,For iPad Pro 11'' (4/3/2/1) Case | Ringke [Fusion Sketch Stand] for Drawing,32.99,37.99,https://www.ebay.com/itm/266921467304?_trkparms=5373%3A5000014449%7C5374%3ATech%7C5079%3A5000014478,Shipping info unavailable,2025-03-19 12:58:42,13.16
78,For iPad 10th (2022) Generation Ringke | [FUSION & FUSION OUTSTANDING COMBO],31.99,59.99,https://www.ebay.com/itm/266103967289?_trkparms=5373%3A5000014449%7C5374%3ATech%7C5079%3A5000014478,Shipping info unavailable,2025-03-19 12:58:42,46.67
79,Apple iPhone 14 Pro 128GB Unlocked - Excellent,446.95,446.95,https://www.ebay.com/itm/405469724990?_trkparms=5373%3A5000014449%7C5374%3ATech%7C5079%3A5000014466,Shipping info unavailable,2025-03-19 12:58:42,0.0
80,Apple iPhone 13 128GB Unlocked - Excellent,291.95,291.95,https://www.ebay.com/itm/404240045218?_trkparms=5373%3A5000014449%7C5374%3ATech%7C5079%3A5000014466,Shipping info unavailable,2025-03-19 12:58:42,0.0
81,Apple iPhone 13 128GB Unlocked - Excellent,301.99,301.99,https://www.ebay.com/itm/256350256024?_trkparms=5373%3A5000014449%7C5374%3ATech%7C5079%3A5000014466,Shipping info unavailable,2025-03-19 12:58:43,0.0
82,Apple iPhone 13 Pro 256GB Unlocked - Excellent,402.95,402.95,https://www.ebay.com/itm/386146593917?_trkparms=5373%3A5000014449%7C5374%3ATech%7C5079%3A5000014466,Shipping info unavailable,2025-03-19 12:58:43,0.0
83,Apple iPhone 15 Pro 512GB ( Unlocked) US E-Sim Version. Excellent,709.99,709.99,https://www.ebay.com/itm/156119977855?_trkparms=5373%3A5000014449%7C5374%3ATech%7C5079%3A5000014466,Shipping info unavailable,2025-03-19 12:58:43,0.0
84,"Lenovo LOQ 15.6"" FHD 144Hz Gaming Laptop i5-12450HX 12GB RAM 512GB SSD RTX 3050",599.99,880.99,https://www.ebay.com/itm/126480962681?_trkparms=5373%3A5000014449%7C5374%3ATech%7C5079%3A5000014490,Shipping info unavailable,2025-03-19 12:58:43,31.9
85,"Seagate IronWolf 12TB 7200RPM SATA 6Gb/s 256MB 3.5"" NAS Hard Drive ST12000VN0007",133.99,133.99,https://www.ebay.com/itm/166672350380?_trkparms=5373%3A5000014449%7C5374%3ATech%7C5079%3A5000014490,Shipping info unavailable,2025-03-19 12:58:43,0.0
86,Intel Xeon Gold 6254 3.1GHz 24.75MB 18-Core 200W FCLGA3647 SRF92,245.0,245.0,https://www.ebay.com/itm/235898025773?_trkparms=5373%3A5000014449%7C5374%3ATech%7C5079%3A5000014490,Shipping info unavailable,2025-03-19 12:58:43,0.0
87,"Lenovo LOQ-E 15.6"" FHD 144Hz Gaming Laptop i5-12450HX 8GB RAM 512GB SSD RTX 2050",499.99,699.99,https://www.ebay.com/itm/126754097392?_trkparms=5373%3A5000014449%7C5374%3ATech%7C5079%3A5000014490,Shipping info unavailable,2025-03-19 12:58:43,28.57
88,MacBook Air 15-inch 2024 M3 / 16GB RAM / 512GB SSD / 10-Core GPU / Midnight,1.0,1.0,https://www.ebay.com/itm/256520205430?_trkparms=5373%3A5000014449%7C5374%3ATech%7C5079%3A5000014490,Shipping info unavailable,2025-03-19 12:58:43,0.0
89,"Klipsch R-120SWi 12"" High-Performance Wireless Subwoofer",159.99,179.99,https://www.ebay.com/itm/365374754988?_trkparms=5373%3A5000006400%7C5374%3ATech%7C5079%3A5000006400,Free shipping,2025-03-19 11:05:00,11.11
90,Apple iPhone 14 128GB Network Unlocked Very Good Condition,304.99,749.0,https://www.ebay.com/itm/355095070816?_trkparms=5373%3A5000006400%7C5374%3ATech%7C5079%3A5000006400,Shipping info unavailable,2025-03-19 11:05:00,59.28
91,Apple iPhone 14 Pro Max 128GB Network Unlocked Very Good Condition,509.99,1.0,https://www.ebay.com/itm/355094939620?_trkparms=5373%3A5000006400%7C5374%3ATech%7C5079%3A5000006400,Shipping info unavailable,2025-03-19 11:05:01,-50899.0
92,Apple iPhone 14 Pro Max 256GB Unlocked Very Good Condition,539.99,1.0,https://www.ebay.com/itm/355896538160?_trkparms=5373%3A5000006400%7C5374%3ATech%7C5079%3A5000006400,Shipping info unavailable,2025-03-19 11:05:01,-53899.0
93,Apple iPhone 14 Pro A2650 256GB Unlocked Very Good Condition,439.99,999.0,https://www.ebay.com/itm/355896536737?_trkparms=5373%3A5000006400%7C5374%3ATech%7C5079%3A5000006400,Shipping info unavailable,2025-03-19 11:05:01,55.96
94,Apple iPhone 13 A2482 128GB Network Unlocked Very Good Condition,259.99,699.0,https://www.ebay.com/itm/354393355064?_trkparms=5373%3A5000006400%7C5374%3ATech%7C5079%3A5000006400,Shipping info unavailable,2025-03-19 11:05:01,62.81
95,Apple iPhone 14 Pro A2650 128GB Network Unlocked Very Good Condition,414.99,899.0,https://www.ebay.com/itm/354954088639?_trkparms=5373%3A5000006400%7C5374%3ATech%7C5079%3A5000006400,Shipping info unavailable,2025-03-19 11:05:01,53.84
96,"Lenovo - Legion 7i 16"" Gaming Laptop WQXGA - Intel 14th Gen Core i7 with 16GB...",,1.0,https://www.ebay.com/itm/326094965111?_trkparms=5373%3A5000006400%7C5374%3ATech%7C5079%3A5000006400,Free shipping,2025-03-19 11:05:01,
97,"HP - Envy 2-in-1 14"" Full HD Touch-Screen Laptop - Intel Core 5 - 8GB Memory ...",,799.99,https://www.ebay.com/itm/196337568322?_trkparms=5373%3A5000006400%7C5374%3ATech%7C5079%3A5000006400,Free shipping,2025-03-19 11:05:01,
98,Apple iPhone 15 Pro A2848 128GB Unlocked - Very Good Condition,589.99,1.0,https://www.ebay.com/itm/356227875584?_trkparms=5373%3A5000006400%7C5374%3ATech%7C5079%3A5000006400,Shipping info unavailable,2025-03-19 11:05:01,-58899.0
99,Apple iPhone 15 Pro Max 256GB Unlocked - Excellent Condition,759.99,1.0,https://www.ebay.com/itm/355685725411?_trkparms=5373%3A5000006400%7C5374%3ATech%7C5079%3A5000006400,Shipping info unavailable,2025-03-19 11:05:01,-75899.0
100,Google Pixel 7 Pro 128GB Unlocked - Good,224.99,899.0,https://www.ebay.com/itm/256301482955?_trkparms=5373%3A5000006400%7C5374%3ATech%7C5079%3A5000006400,Shipping info unavailable,2025-03-19 11:05:01,74.97
101,Apple iPhone 14 Pro Max 256GB Network Unlocked Excellent Condition,609.99,1.0,https://www.ebay.com/itm/355063742942?_trkparms=5373%3A5000006400%7C5374%3ATech%7C5079%3A5000006400,Shipping info unavailable,2025-03-19 11:05:01,-60899.0
102,Apple iPad 8 (8th Gen) - (2020 Model) -  32GB - Wi-Fi - A2270 -  Good,152.99,329.0,https://www.ebay.com/itm/364388675100?_trkparms=5373%3A5000006400%7C5374%3ATech%7C5079%3A5000006400,Shipping info unavailable,2025-03-19 11:05:01,53.5
103,Apple iPhone 11 Pro - 64GB - Fully Unlocked - EXCELLENT Condition,227.99,699.0,https://www.ebay.com/itm/326483811824?_trkparms=5373%3A5000006400%7C5374%3ATech%7C5079%3A5000006400,Shipping info unavailable,2025-03-19 11:05:01,67.38
104,VIZIO V20x-J8B-RB V-Series 2.0 Compact Sound Bar,42.34,149.95,https://www.ebay.com/itm/135394456824?_trkparms=5373%3A5000006400%7C5374%3ATech%7C5079%3A5000006400,Shipping info unavailable,2025-03-19 11:05:01,71.76
105,Apple iPhone 13 128GB Unlocked - Excellent,291.95,699.0,https://www.ebay.com/itm/404240045218?_trkparms=5373%3A5000006400%7C5374%3ATech%7C5079%3A5000006400,Shipping info unavailable,2025-03-19 11:05:01,58.23
106,"Seagate IronWolf Pro ST10000NE0004 10TB 7200RPM SATA 6Gbps 3.5"" NAS Hard Drive",129.99,189.99,https://www.ebay.com/itm/226563897625?_trkparms=5373%3A5000006400%7C5374%3ATech%7C5079%3A5000006400,Shipping info unavailable,2025-03-19 11:05:01,31.58
107,"ASUS ROG Strix G16 16"" 165Hz i9-13980HX 16GB 1TB SSD RTX 4060 8GB Gaming Gray",1.0,1.0,https://www.ebay.com/itm/296361815222?_trkparms=5373%3A5000006400%7C5374%3ATech%7C5079%3A5000006400,Free shipping,2025-03-19 11:05:02,0.0
108,"ASUS - ROG Zephyrus G16 16"" OLED QHD 240Hz Gaming Laptop - Intel Core Ultra 9...",,1.0,https://www.ebay.com/itm/326068742080?_trkparms=5373%3A5000006400%7C5374%3ATech%7C5079%3A5000006400,Free shipping,2025-03-19 11:05:02,
109,Apple iPhone 16 Pro Max 256GB Unlocked Excellent Condition,969.99,1.0,https://www.ebay.com/itm/356605681295?_trkparms=5373%3A5000006400%7C5374%3ATech%7C5079%3A5000006400,Shipping info unavailable,2025-03-19 11:05:02,-96899.0
110,Apple iPhone 13 Pro Max 256GB Unlocked - Excellent,464.95,1.0,https://www.ebay.com/itm/364007273533?_trkparms=5373%3A5000006400%7C5374%3ATech%7C5079%3A5000006400,Shipping info unavailable,2025-03-19 11:05:02,-46395.0
111,Apple iPhone 13 Pro A2483 256GB Unlocked Good Condition,359.99,799.0,https://www.ebay.com/itm/356176854959?_trkparms=5373%3A5000006400%7C5374%3ATech%7C5079%3A5000006400,Shipping info unavailable,2025-03-19 11:05:02,54.94
112,Acer PredatorNeo Laptop 16 16GB 1TB NVIDIA GeForce RTX4060 Certified Refurbished,960.99,2.0,https://www.ebay.com/itm/266889342832?_trkparms=5373%3A5000006400%7C5374%3ATech%7C5079%3A5000006400,Shipping info unavailable,2025-03-19 11:05:02,-47949.5
113,Apple iPhone 13 Pro 256GB Unlocked - Excellent,402.95,1.0,https://www.ebay.com/itm/386146593917?_trkparms=5373%3A5000006400%7C5374%3ATech%7C5079%3A5000006400,Shipping info unavailable,2025-03-19 11:05:02,-40195.0
114,Apple iPhone 12 64GB - Fully Unlocked - VERY GOOD Condition!! Unlocked!!,210.99,599.0,https://www.ebay.com/itm/325852789181?_trkparms=5373%3A5000006400%7C5374%3ATech%7C5079%3A5000006400,Shipping info unavailable,2025-03-19 11:05:02,64.78
115,"Acer Aspire 3 Laptop 15.6"" 1TB AMD Ryzen 5 7520U 2.8GHz Certified Reburbished",275.99,499.99,https://www.ebay.com/itm/266889342994?_trkparms=5373%3A5000006400%7C5374%3ATech%7C5079%3A5000006400,Shipping info unavailable,2025-03-19 11:05:02,44.8
116,Sony WH-1000XM4 Wireless Noise-Cancelling Over-the-Ear Headphones - Black,159.0,349.99,https://www.ebay.com/itm/274493598619?_trkparms=5373%3A5000006400%7C5374%3ATech%7C5079%3A5000006400,Shipping info unavailable,2025-03-19 11:05:02,54.57
117,Apple iPhone 16 Pro Max 256GB Unlocked Very Good Condition,949.99,1.0,https://www.ebay.com/itm/356605653571?_trkparms=5373%3A5000006400%7C5374%3ATech%7C5079%3A5000006400,Shipping info unavailable,2025-03-19 11:05:02,-94899.0
118,Apple Watch Series 7 45mm (GPS + Cellular) Aluminum Case - Excellent,152.99,529.0,https://www.ebay.com/itm/255494882429?_trkparms=5373%3A5000006400%7C5374%3ATech%7C5079%3A5000006400,Shipping info unavailable,2025-03-19 11:05:02,71.08
119,Apple iPhone 14 Pro Max 128GB Network Unlocked Excellent Condition,589.99,1.0,https://www.ebay.com/itm/356261055659?_trkparms=5373%3A5000006400%7C5374%3ATech%7C5079%3A5000006400,Shipping info unavailable,2025-03-19 11:05:02,-58899.0
120,Apple iPhone 14 256GB Factory Unlocked AT&T T-Mobile Verizon Very Good Condition,369.95,899.0,https://www.ebay.com/itm/295504908589?_trkparms=5373%3A5000006400%7C5374%3ATech%7C5079%3A5000006400,Free shipping,2025-03-19 11:05:02,58.85
121,"DS18 Car Speakers Package 4x Speakers 6.5"" Mid Range & 4x Super Bullet Tweeters",147.95,147.95,https://www.ebay.com/itm/305328660268?_trkparms=5373%3A5000006400%7C5374%3ATech%7C5079%3A5000006400,Free shipping,2025-03-19 11:05:02,0.0
122,"HP Laptop AMD Ryzen 5 7530U 16GB 1 TB SSD 17.3"" Touchscreen W11H 17-cp3055cl",399.99,599.99,https://www.ebay.com/itm/305956067711?_trkparms=5373%3A5000006400%7C5374%3ATech%7C5079%3A5000006400,Free shipping,2025-03-19 11:05:02,33.33
123,Nintendo Switch OLED 64GB NEON Red Blue Joy Con Newest Version +FAST FREE SHIP!‚≠ê,269.99,359.99,https://www.ebay.com/itm/195122716310?_trkparms=5373%3A5000006400%7C5374%3ATech%7C5079%3A5000006400,Free shipping,2025-03-19 11:05:03,25.0
124,DJI Mavic 3 Classic Fly More Pro Vlogger -2 Battery Combo (DJI RC) Drone-CRB,1.0,1.0,https://www.ebay.com/itm/305955941857?_trkparms=5373%3A5000006400%7C5374%3ATech%7C5079%3A5000006400,Free shipping,2025-03-19 11:05:03,0.0
125,LG 55-Inch Class OLED evo G4 Series 4K TV with webOS 24,1.0,3.0,https://www.ebay.com/itm/186732090674?_trkparms=5373%3A5000006400%7C5374%3ATech%7C5079%3A5000006400,Free shipping,2025-03-19 11:05:03,66.67
126,Apple iPhone 12 64GB - Fully Unlocked - VERY GOOD Condition!! Unlocked!!,210.99,599.0,https://www.ebay.com/itm/325852789181?_trkparms=5373%3A5000006400%7C5374%3ATech%7C5079%3A5000006423,Free shipping,2025-03-19 11:05:03,64.78
127,Apple iPhone 14 Pro Max 128GB Network Unlocked Very Good Condition,509.99,1.0,https://www.ebay.com/itm/355094939620?_trkparms=5373%3A5000006400%7C5374%3ATech%7C5079%3A5000006423,Free shipping,2025-03-19 11:05:03,-50899.0
128,Apple iPhone 14 256GB Network Unlocked Excellent Condition,412.49,426.21,https://www.ebay.com/itm/356103750807?_trkparms=5373%3A5000006400%7C5374%3ATech%7C5079%3A5000006423,Free shipping,2025-03-19 11:05:03,3.22
129,Apple iPhone 12 Pro A2341 256GB Unlocked Good Condition,299.99,299.99,https://www.ebay.com/itm/354519904238?_trkparms=5373%3A5000006400%7C5374%3ATech%7C5079%3A5000006423,Free shipping,2025-03-19 11:05:03,0.0
130,"Apple MacBook Pro 13"" Late 2020 M1 1TB SSD 16GB RAM Space Gray - Good",649.99,649.99,https://www.ebay.com/itm/156171886224?_trkparms=5373%3A5000006400%7C5374%3ATech%7C5079%3A5000006407,Free shipping,2025-03-19 11:05:03,0.0
131,"Acer Aspire 3 Laptop 15.6"" 1TB AMD Ryzen 5 7520U 2.8GHz Certified Reburbished",275.99,499.99,https://www.ebay.com/itm/266889342994?_trkparms=5373%3A5000006400%7C5374%3ATech%7C5079%3A5000006407,Free shipping,2025-03-19 11:05:03,44.8
132,Acer PredatorNeo Laptop 16 16GB 1TB NVIDIA GeForce RTX4060 Certified Refurbished,960.99,2.0,https://www.ebay.com/itm/266889342832?_trkparms=5373%3A5000006400%7C5374%3ATech%7C5079%3A5000006407,Free shipping,2025-03-19 11:05:03,-47949.5
133,"Apple MacBook Pro 2021 MS3-96w M1 Pro 16GB RAM 16"" 512GB SSD Very Good",899.0,1.0,https://www.ebay.com/itm/146346000047?_trkparms=5373%3A5000006400%7C5374%3ATech%7C5079%3A5000006407,Free shipping,2025-03-19 11:05:03,-89800.0
134,Samsung Music Frame Dolby Atmos Picture Frame/Smart Speaker,183.0,499.99,https://www.ebay.com/itm/186849010545?_trkparms=5373%3A5000006400%7C5374%3ATech%7C5079%3A5000006409,Free shipping,2025-03-19 11:05:03,63.4
135,LG 77-Inch Class OLED evo C4 Series TV with webOS 24,1.0,4.0,https://www.ebay.com/itm/156232239135?_trkparms=5373%3A5000006400%7C5374%3ATech%7C5079%3A5000006409,Free shipping,2025-03-19 11:05:03,75.0
136,BenQ GP500  4K HDR LED Smart Home Theater Projector 1500 Lm Auto Focus 1.3x zoom,734.0,1.0,https://www.ebay.com/itm/166398780476?_trkparms=5373%3A5000006400%7C5374%3ATech%7C5079%3A5000006409,Free shipping,2025-03-19 11:05:03,-73300.0
137,BenQ X300G 2000lm 4K Portable Gaming Projector 4ms Short Throw 3D Auto Keystone,947.0,1.0,https://www.ebay.com/itm/375807945661?_trkparms=5373%3A5000006400%7C5374%3ATech%7C5079%3A5000006409,Free shipping,2025-03-19 11:05:03,-94600.0
138,DJI Mini 3 Pro Fly More Vlogger Combo (DJI RC ) Drone 4k,937.0,1.0,https://www.ebay.com/itm/305845152874?_trkparms=5373%3A5000006400%7C5374%3ATech%7C5079%3A5000006430,Free shipping,2025-03-19 11:05:03,-93600.0
139,Samsung Music Frame Dolby Atmos Picture Frame/Smart Speaker,183.0,499.99,https://www.ebay.com/itm/186849010545?_trkparms=5373%3A5000006400%7C5374%3ATech%7C5079%3A5000006430,Free shipping,2025-03-19 11:05:04,63.4
140,Sony FE 24-70mm F2.8 GM II Lens,1.0,2.0,https://www.ebay.com/itm/204911213109?_trkparms=5373%3A5000006400%7C5374%3ATech%7C5079%3A5000006430,Free shipping,2025-03-19 11:05:04,50.0
141,"Panasonic LUMIX GH5M2, 20.3MP Mirrorless Micro Four Thirds Camera with Live",874.0,1.0,https://www.ebay.com/itm/205309160774?_trkparms=5373%3A5000006400%7C5374%3ATech%7C5079%3A5000006430,Free shipping,2025-03-19 11:05:04,-87300.0
142,Logitech - G CLOUD Gaming Handheld Console - White,164.99,349.99,https://www.ebay.com/itm/167017920150?_trkparms=5373%3A5000006400%7C5374%3ATech%7C5079%3A5000006401,Free shipping,2025-03-19 11:05:04,52.86
143,üî• Nintendo Switch OLED 64GB WHITE Joy Cons Newest Game Console + 2 Day SHIP! üî•,269.99,369.99,https://www.ebay.com/itm/194991515485?_trkparms=5373%3A5000006400%7C5374%3ATech%7C5079%3A5000006401,Free shipping,2025-03-19 11:05:04,27.03
144,"Audeze Maxwell Wireless Gaming Headset for Xbox, PS, Mac, & PC",278.0,373.99,https://www.ebay.com/itm/205305863435?_trkparms=5373%3A5000006400%7C5374%3ATech%7C5079%3A5000006401,Free shipping,2025-03-19 11:05:04,25.67
145,"Audeze Maxwell Wireless Gaming Headset for PlayStation, Mac, PC, and Switch",264.0,305.99,https://www.ebay.com/itm/197038681586?_trkparms=5373%3A5000006400%7C5374%3ATech%7C5079%3A5000006401,Free shipping,2025-03-19 11:05:04,13.72
146,"2020 iPad 8th Gen 10.2"" MYN32LL/A 32GB & Cellular Unlocked (Space Gray) - Good",136.99,329.0,https://www.ebay.com/itm/354250488438?_trkparms=5373%3A5000006400%7C5374%3ATech%7C5079%3A5000006415,Free shipping,2025-03-19 11:05:04,58.36
147,"Samsung Galaxy Tab S8 Ultra 14.6"" 128GB X900 Wifi Only No S-Pen - Excellent",390.0,899.99,https://www.ebay.com/itm/256402595266?_trkparms=5373%3A5000006400%7C5374%3ATech%7C5079%3A5000006415,Free shipping,2025-03-19 11:05:04,56.67
148,Apple - Geek Squad Certified Refurbished 11-Inch iPad Pro with Wi-Fi - 128GB ...,,799.0,https://www.ebay.com/itm/196689072910?_trkparms=5373%3A5000006400%7C5374%3ATech%7C5079%3A5000006415,Free shipping,2025-03-19 11:05:04,
149,Acer Iconia Android Tablet - 64GB SSD - A8 A8-11-A30S - Certified Refurbished,79.99,79.99,https://www.ebay.com/itm/256754458088?_trkparms=5373%3A5000006400%7C5374%3ATech%7C5079%3A5000006415,Free shipping,2025-03-19 11:05:04,0.0
150,Apple AirPods Pro 2nd Generation Gen 2 2023 A2968 with Magsafe USB-C Charging,149.95,250.0,https://www.ebay.com/itm/285636515887?_trkparms=5373%3A5000006400%7C5374%3ATech%7C5079%3A5000006419,Free shipping,2025-03-19 11:05:04,40.02
151,Sony WF-1000XM5 Truly Wireless Bluetooth Noise Canceling Headphones - Black,112.99,299.99,https://www.ebay.com/itm/276015021037?_trkparms=5373%3A5000006400%7C5374%3ATech%7C5079%3A5000006419,Free shipping,2025-03-19 11:05:04,62.34
152,Anker PowerCoreIII Sense Portable Charger 10K Power Bank 20W USB-C for iPhone,14.99,39.99,https://www.ebay.com/itm/383508840902?_trkparms=5373%3A5000006400%7C5374%3ATech%7C5079%3A5000006419,Free shipping,2025-03-19 11:05:04,62.52
153,Anker 20W USB-C Portable Charger Power Bank 10000mAh Power Delivery Battery Pack,14.99,39.99,https://www.ebay.com/itm/385001141142?_trkparms=5373%3A5000006400%7C5374%3ATech%7C5079%3A5000006419,Free shipping,2025-03-19 11:05:04,62.52
154,"Seagate Skyhawk AI ST12000VX0017 12TB 7200RPM 3.5"" SATA 6.0Gb/s Surveillance HDD",115.99,179.99,https://www.ebay.com/itm/176895047318?_trkparms=5373%3A5000006400%7C5374%3ATech%7C5079%3A5000006421,Free shipping,2025-03-19 11:05:04,35.56
155,"Seagate EXOS X16 ST14000NM005G 14TB 256MB 7200rpm 3.5"" SATA 6Gb/s Enterprise HDD",147.99,199.99,https://www.ebay.com/itm/176825170520?_trkparms=5373%3A5000006400%7C5374%3ATech%7C5079%3A5000006421,Free shipping,2025-03-19 11:05:05,26.0
156,"Seagate EXOS X16 16TB 256MB 7200rpm 3.5"" SATA 6Gb/s Enterprise HDD ST16000NM001G",179.99,219.99,https://www.ebay.com/itm/175804626117?_trkparms=5373%3A5000006400%7C5374%3ATech%7C5079%3A5000006421,Free shipping,2025-03-19 11:05:05,18.18
157,"Seagate ST12000NM0117 12TB 256MB 7200RPM 3.5"" SATA 6.0Gb/s Enterprise Hard Drive",124.99,179.99,https://www.ebay.com/itm/176407579611?_trkparms=5373%3A5000006400%7C5374%3ATech%7C5079%3A5000006421,Free shipping,2025-03-19 11:05:05,30.56
158,"Aura Studio 3, Wireless speaker with beautiful Harman Kardon sound",99.95,299.95,https://www.ebay.com/itm/395535173196?_trkparms=5373%3A5000006400%7C5374%3ATech%7C5079%3A5000006403,Free shipping,2025-03-19 11:05:05,66.68
159,STATUS Between 3ANC Wireless Earbuds (CERTIFIED REFURBISHED)  - ONYX,82.88,119.0,https://www.ebay.com/itm/266692431952?_trkparms=5373%3A5000006400%7C5374%3ATech%7C5079%3A5000006403,Free shipping,2025-03-19 11:05:05,30.35
160,Sony WH-1000XM5/B Wireless Industry Leading Noise Canceling Bluetooth Headphones,199.99,399.99,https://www.ebay.com/itm/314074071401?_trkparms=5373%3A5000006400%7C5374%3ATech%7C5079%3A5000006403,Free shipping,2025-03-19 11:05:05,50.0
161,Skullcandy Smokin' Buds XT- Black (CERTIFIED REFURBISHED),11.13,18.99,https://www.ebay.com/itm/266646620402?_trkparms=5373%3A5000006400%7C5374%3ATech%7C5079%3A5000006403,Free shipping,2025-03-19 11:05:05,41.39
162,Ricoh/Fujitsu ScanSnap iX1400 One-Touch 600dpi 40ppm/80ipm Auto Duplex Scanner,195.0,435.0,https://www.ebay.com/itm/176489716730?_trkparms=5373%3A5000006400%7C5374%3ATech%7C5079%3A5000006417,Free shipping,2025-03-19 11:05:05,55.17
163,Epson RapidReceipt RR-600W Wireless Scanner - Certified Refurbished,279.99,299.99,https://www.ebay.com/itm/204884183797?_trkparms=5373%3A5000006400%7C5374%3ATech%7C5079%3A5000006417,Free shipping,2025-03-19 11:05:05,6.67
164,Epson Perfection V600 Photo Scanner - Certified Refurbished,299.99,299.99,https://www.ebay.com/itm/226451126467?_trkparms=5373%3A5000006400%7C5374%3ATech%7C5079%3A5000006417,Free shipping,2025-03-19 11:05:05,0.0
165,Canon Color imageCLASS MF642Cdw Wireless Laser Printer w/ Toner PRMCT054H-4 Pack,309.99,599.95,https://www.ebay.com/itm/296874880362?_trkparms=5373%3A5000006400%7C5374%3ATech%7C5079%3A5000006417,Free shipping,2025-03-19 11:05:05,48.33
166,Hifonics HFXR Digital Signal Processor Universal Mobile Audio Silver New,49.95,99.99,https://www.ebay.com/itm/155477831041?_trkparms=5373%3A5000006400%7C5374%3ATech%7C5079%3A5000006432,Free shipping,2025-03-19 11:05:05,50.05
167,MB Quart FKB169 6x9 2-Way Car Speakers 75W RMS 150W Peak UTV Compatible New,39.95,79.99,https://www.ebay.com/itm/155534258683?_trkparms=5373%3A5000006400%7C5374%3ATech%7C5079%3A5000006432,Free shipping,2025-03-19 11:05:05,50.06
168,MB Quart Formula FKB168 5x7/6x8 2-Way Car Speakers 50W RMS 100W Peak Power New,24.99,44.99,https://www.ebay.com/itm/155534260342?_trkparms=5373%3A5000006400%7C5374%3ATech%7C5079%3A5000006432,Free shipping,2025-03-19 11:05:05,44.45
169,ZS5768CX ZEUS 5x7/6x8 Inch Speakers 1-inch Neo-Mylar Soft Dome Tweeter,26.73,54.99,https://www.ebay.com/itm/155691326798?_trkparms=5373%3A5000006400%7C5374%3ATech%7C5079%3A5000006432,Free shipping,2025-03-19 11:05:05,51.39
170,Sony FE 24-70mm F2.8 GM II Lens,1.0,2.0,https://www.ebay.com/itm/204911213109?_trkparms=5373%3A5000006400%7C5374%3ATech%7C5079%3A5000006425,Free shipping,2025-03-19 11:05:06,50.0
171,Canon 3680C002 Rf 24-70mm F2.8 L is USM,1.0,2.0,https://www.ebay.com/itm/326389378879?_trkparms=5373%3A5000006400%7C5374%3ATech%7C5079%3A5000006425,Free shipping,2025-03-19 11:05:06,50.0
172,"Sigma 24-70MM F2.8 DG DN II ART Lens, L Mount",999.0,2.0,https://www.ebay.com/itm/286205099093?_trkparms=5373%3A5000006400%7C5374%3ATech%7C5079%3A5000006425,Free shipping,2025-03-19 11:05:06,-49850.0
173,Sigma 23mm F1.4 DC DN Contemporary Lens for Sony E Mount with Camera Bag Bundle,499.99,594.0,https://www.ebay.com/itm/285307948467?_trkparms=5373%3A5000006400%7C5374%3ATech%7C5079%3A5000006425,Free shipping,2025-03-19 11:05:06,15.83
174,Samsung Music Frame Dolby Atmos Picture Frame/Smart Speaker,183.0,499.99,https://www.ebay.com/itm/186849010545?_trkparms=5373%3A5000006400%7C5374%3ATech%7C5079%3A5000006413,Free shipping,2025-03-19 11:05:06,63.4
175,"Aura Studio 3, Wireless speaker with beautiful Harman Kardon sound",99.95,299.95,https://www.ebay.com/itm/395535173196?_trkparms=5373%3A5000006400%7C5374%3ATech%7C5079%3A5000006413,Free shipping,2025-03-19 11:05:06,66.68
176,LG 77-Inch Class OLED evo C4 Series TV with webOS 24,1.0,4.0,https://www.ebay.com/itm/156232239135?_trkparms=5373%3A5000006400%7C5374%3ATech%7C5079%3A5000006413,Free shipping,2025-03-19 11:05:06,75.0
177,STATUS Between 3ANC Wireless Earbuds (CERTIFIED REFURBISHED)  - ONYX,82.88,119.0,https://www.ebay.com/itm/266692431952?_trkparms=5373%3A5000006400%7C5374%3ATech%7C5079%3A5000006413,Free shipping,2025-03-19 11:05:06,30.35
178,Apple Pencil (USB-C) - White Stylus  ‚Äé‚Äé‚ÄéMUWA3AM/A with Pixel-Perfect Precision,48.88,51.45,https://www.ebay.com/itm/296262723993?_trkparms=5373%3A5000006400%7C5374%3ATech%7C5079%3A5000006427,Free shipping,2025-03-19 11:05:06,5.0
179,"Logitech Z623 400 Watt Home Speaker System, 2.1 Speaker System - Black",95.0,132.68,https://www.ebay.com/itm/167065352702?_trkparms=5373%3A5000006400%7C5374%3ATech%7C5079%3A5000006427,Free shipping,2025-03-19 11:05:06,28.4
180,Logitech G560 PC Gaming Speaker System with 7.1 DTS:X Ultra Surround Sound,128.0,249.99,https://www.ebay.com/itm/167051732357?_trkparms=5373%3A5000006400%7C5374%3ATech%7C5079%3A5000006427,Free shipping,2025-03-19 11:05:06,48.8
181,Razer Barracuda X Wireless Multi Platform Gaming and Mobile Black Headset,41.99,99.95,https://www.ebay.com/itm/286097764131?_trkparms=5373%3A5000006400%7C5374%3ATech%7C5079%3A5000006427,Free shipping,2025-03-19 11:05:06,57.99
182,Apple iPhone 12 64GB - Fully Unlocked - VERY GOOD Condition!! Unlocked!!,210.99,599.0,https://www.ebay.com/itm/325852789181?_trkparms=5373%3A5000006400%7C5374%3ATech%7C5079%3A5000006411,Free shipping,2025-03-19 11:05:06,64.78
183,Samsung Galaxy Watch5 Pro 45mm R925N GPS + Cellular - Excellent,86.99,499.99,https://www.ebay.com/itm/256144554687?_trkparms=5373%3A5000006400%7C5374%3ATech%7C5079%3A5000006411,Free shipping,2025-03-19 11:05:06,82.6
184,Apple Watch Series 7 45mm GPS + WiFi + Cellular Unlocked Aluminum Case - Good,144.99,299.99,https://www.ebay.com/itm/404057662889?_trkparms=5373%3A5000006400%7C5374%3ATech%7C5079%3A5000006411,Free shipping,2025-03-19 11:05:06,51.67
185,Apple AirPods Pro 2nd Generation Gen 2 2023 A2968 with Magsafe USB-C Charging,149.95,250.0,https://www.ebay.com/itm/285636515887?_trkparms=5373%3A5000006400%7C5374%3ATech%7C5079%3A5000006411,Free shipping,2025-03-19 11:05:06,40.02
186,TP-Link Deco AXE5300 Wi-Fi 6E Tri-Band 9 3-Pack (Refurbished),174.99,299.99,https://www.ebay.com/itm/144782360525?_trkparms=5373%3A5000006400%7C5374%3ATech%7C5079%3A5000006405,Free shipping,2025-03-19 11:05:06,41.67
187,Ricoh/Fujitsu ScanSnap iX1400 One-Touch 600dpi 40ppm/80ipm Auto Duplex Scanner,195.0,435.0,https://www.ebay.com/itm/176489716730?_trkparms=5373%3A5000006400%7C5374%3ATech%7C5079%3A5000006405,Free shipping,2025-03-19 11:05:07,55.17
188,"Acer XZ322QU 31.5"" Curved Monitor LED 144Hz 2560x1440 Certified Refurbished",149.99,249.99,https://www.ebay.com/itm/256547414823?_trkparms=5373%3A5000006400%7C5374%3ATech%7C5079%3A5000006405,Free shipping,2025-03-19 11:05:07,40.0
189,"Acer PM161Q 15.6"" Monitor LCD Display 60Hz 1920x1080 Certified Refurbished",59.99,149.99,https://www.ebay.com/itm/275924898150?_trkparms=5373%3A5000006400%7C5374%3ATech%7C5079%3A5000006405,Free shipping,2025-03-19 11:05:07,60.0
